"Category","Link"
"3M Jupiter Powered Respirator","www.protecdirect.co.uk/c/AEL"
"3M Respiratory Filters","www.protecdirect.co.uk/c/AEH"
"3M Versaflo Powered Air System","www.protecdirect.co.uk/c/AEM"
"Access Control & Security","https://www.protecdirect.co.uk/Access-Control-and-Security~c~G"
"Accessories","www.protecdirect.co.uk/c/BBH"
"Air Fresheners & Shoe Sanitisers","www.protecdirect.co.uk/c/CBL"
"Anti Slip Safety Footwear","www.protecdirect.co.uk/c/AGN"
"Anti-Vibration Gloves","www.protecdirect.co.uk/c/AFA"
"Aprons","www.protecdirect.co.uk/c/BBG"
"Batteries","www.protecdirect.co.uk/c/DBA"
"Bitumen Repair Products","www.protecdirect.co.uk/c/DBB"
"Boilersuits & Coveralls","www.protecdirect.co.uk/c/BBA"
"Brooms & Accessories","www.protecdirect.co.uk/c/CBJ"
"Browguards","https://www.protecdirect.co.uk/Personal-Protective-Equipment-PPE-/Face-Protection/Browguards~c~ACA"
"Buckets & Water Containers","www.protecdirect.co.uk/c/DAF"
"Buckets & Wringers","www.protecdirect.co.uk/c/CBAB"
"Builders Grip Gloves","www.protecdirect.co.uk/c/AFB"
"Bump Caps","https://www.protecdirect.co.uk/Personal-Protective-Equipment-PPE-/Head-Protection/Bump-Caps~c~AAB"
"Canteen Equipment","www.protecdirect.co.uk/c/DBF"
"Caterpillar Safety Footwear","www.protecdirect.co.uk/c/AGC"
"Chukka Boots","www.protecdirect.co.uk/c/AGF"
"Cleaning Cloths & Scouring Pads","www.protecdirect.co.uk/c/CBB"
"Cleaning Products","www.protecdirect.co.uk/c/CBC"
"Coats, Jackets & Bodywarmers","https://www.protecdirect.co.uk/Clothing-and-Workwear/Coats-Jackets-and-Bodywarmers~c~BE"
"Cold Weather Essentials","www.protecdirect.co.uk/c/DAI"
"Concrete Testing & Thermometers","www.protecdirect.co.uk/c/DCD"
"Cones","www.protecdirect.co.uk/c/DAC"
"Construction Signs","www.protecdirect.co.uk/c/EE"
"Corded / Banded Ear Plugs","https://www.protecdirect.co.uk/Personal-Protective-Equipment-PPE-/Hearing-Protection/Corded-Banded-Ear-Plugs~c~ADA"
"Corporate Workwear","https://www.protecdirect.co.uk/Clothing-and-Workwear/Fleeces-and-Softshell-Jackets~c~BF"
"Cotton Gloves","www.protecdirect.co.uk/c/AFC"
"Cut Resistant Gloves","www.protecdirect.co.uk/c/AFD"
"Deb Dispensers","www.protecdirect.co.uk/c/CAM"
"Deb Industrial Skin Care - Step 1 - Protect","www.protecdirect.co.uk/c/CAA"
"Deb Industrial Skin Care - Step 2 - Cleanse","www.protecdirect.co.uk/c/CAB"
"Deb Industrial Skin Care - Step 3 - Restore","www.protecdirect.co.uk/c/CAC"
"Deb Skin Safety Centres","www.protecdirect.co.uk/c/CAD"
"Decorating Equipment","www.protecdirect.co.uk/c/DAE"
"Degreasers","www.protecdirect.co.uk/c/CBD"
"Demarcation & Paint Line Marking","www.protecdirect.co.uk/c/DAA"
"DeWalt Safety Footwear","www.protecdirect.co.uk/c/AGD"
"Digging Tools","www.protecdirect.co.uk/c/DBC"
"Dispensers & Refills","https://www.protecdirect.co.uk/Personal-Protective-Equipment-PPE-/Hearing-Protection/Dispensers-and-Refills~c~ADE"
"Disposable Aprons","www.protecdirect.co.uk/c/BCF"
"Disposable Coveralls","www.protecdirect.co.uk/c/BCA"
"Disposable Dust Masks and Respirators","https://www.protecdirect.co.uk/Personal-Protective-Equipment-PPE-/Respiratory-Protective-Equipment/Disposable-Dust-Masks-and-Respirators~c~AED"
"Disposable Ear Plugs","https://www.protecdirect.co.uk/Personal-Protective-Equipment-PPE-/Hearing-Protection/Disposable-Ear-Plugs~c~ADB"
"Disposable FFP1 Respirators","https://www.protecdirect.co.uk/Personal-Protective-Equipment-PPE-/Respiratory-Protective-Equipment/Disposable-FFP1-Respirators~c~AEA"
"Disposable FFP2 Respirators","https://www.protecdirect.co.uk/Personal-Protective-Equipment-PPE-/Respiratory-Protective-Equipment/Disposable-FFP2-Respirators~c~AEB"
"Disposable FFP3 Respirators","https://www.protecdirect.co.uk/Personal-Protective-Equipment-PPE-/Respiratory-Protective-Equipment/Disposable-FFP3-Respirators~c~AEC"
"Disposable Gloves","www.protecdirect.co.uk/c/AFE"
"Disposable Hoods","www.protecdirect.co.uk/c/BCC"
"Disposable Overshoes","www.protecdirect.co.uk/c/BCB"
"Disposable Oversleeves","www.protecdirect.co.uk/c/BCD"
"Disposable Workwear","https://www.protecdirect.co.uk/Clothing-and-Workwear/Disposable-Workwear~c~BC"
"Dr Martens Safety Footwear","www.protecdirect.co.uk/c/AGB"
"Drain Equipment","www.protecdirect.co.uk/c/DAD"
"Dustpan Sets","www.protecdirect.co.uk/c/CBE"
"Ear Muffs","https://www.protecdirect.co.uk/Personal-Protective-Equipment-PPE-/Hearing-Protection/Ear-Muffs~c~ADC"
"Ebola Protection","https://www.protecdirect.co.uk/Personal-Protective-Equipment-PPE-/Ebola-Protection~c~AK"
"Electrical Appliances","www.protecdirect.co.uk/c/DBH"
"Elipse Repiratory Filters","www.protecdirect.co.uk/c/AEQ"
"Emergency Signs","www.protecdirect.co.uk/c/EM"
"Environment Signs","www.protecdirect.co.uk/c/EO"
"Executive Safety Shoes","www.protecdirect.co.uk/c/AGJ"
"Exit Signs","www.protecdirect.co.uk/c/EK"
"Eyewash & Dispensers","www.protecdirect.co.uk/c/AHB"
"Eyewear Accessories","https://www.protecdirect.co.uk/Personal-Protective-Equipment-PPE-/Safety-Glasses-and-Goggles/Eyewear-Accessories~c~ABA"
"Face Protection","https://www.protecdirect.co.uk/Personal-Protective-Equipment-PPE-/Face-Protection~c~AC"
"Factories & Warehouse Signs","www.protecdirect.co.uk/c/EP"
"Fall Arrest Equipment","https://www.protecdirect.co.uk/Personal-Protective-Equipment-PPE-/Fall-Arrest-Equipment~c~AI"
"Fencing","www.protecdirect.co.uk/c/DAK"
"Fire Equipment","https://www.protecdirect.co.uk/Site-Equipment-and-Consumables/Fire-Equipment~c~AJ"
"Fire Signs","www.protecdirect.co.uk/c/EJ"
"First Aid","https://www.protecdirect.co.uk/Personal-Protective-Equipment-PPE-/First-Aid~c~AH"
"First Aid accessories","www.protecdirect.co.uk/c/AHF"
"First Aid Kits","www.protecdirect.co.uk/c/AHA"
"First Aid Signage / HSE Book","www.protecdirect.co.uk/c/AHE"
"First Aid Signs","www.protecdirect.co.uk/c/EI"
"Fit Test Kits","www.protecdirect.co.uk/c/AEO"
"Fixing Signs","www.protecdirect.co.uk/c/EA"
"Flame Retardent Coveralls","www.protecdirect.co.uk/c/BBB"
"Fleeces & Softshell Jackets","https://www.protecdirect.co.uk/Clothing-and-Workwear/Fleeces-and-Softshell-Jackets~c~BF"
"Floor Cleaning Equipment","www.protecdirect.co.uk/c/CBF"
"Floor Signs","www.protecdirect.co.uk/c/ER"
"Food Industry Skin Hygiene","www.protecdirect.co.uk/c/CAE"
"Food Industry Workwear","www.protecdirect.co.uk/c/BCE"
"Footwear Accessories","www.protecdirect.co.uk/c/AGU"
"Fuel Cans & Accessories","www.protecdirect.co.uk/c/DCA"
"Garden & Landscaping","www.protecdirect.co.uk/c/DBE"
"General Handling Gloves","www.protecdirect.co.uk/c/AFF"
"General Purpose Gloves","www.protecdirect.co.uk/c/AFG"
"Graffiti Removers","www.protecdirect.co.uk/c/CBH"
"Half Masks & Full Face Masks","www.protecdirect.co.uk/c/AEF"
"Hand Brushes","www.protecdirect.co.uk/c/CBI"
"Hand Protection","https://www.protecdirect.co.uk/Personal-Protective-Equipment-PPE-/Head-Protection~c~AA"
"Hand Tools","www.protecdirect.co.uk/c/DAB"
"Hand Towels","www.protecdirect.co.uk/c/CBA"
"Hazard Signs","www.protecdirect.co.uk/c/ED"
"Head Protection","https://www.protecdirect.co.uk/Personal-Protective-Equipment-PPE-/Head-Protection~c~AA"
"Hearing Protection","https://www.protecdirect.co.uk/Personal-Protective-Equipment-PPE-/Hearing-Protection~c~AD"
"Heat Resistant Gloves","www.protecdirect.co.uk/c/AFH"
"Helmet Accessories","https://www.protecdirect.co.uk/Personal-Protective-Equipment-PPE-/Head-Protection/Helmet-Accessories~c~AAC"
"Helmet Mounted Ear Muffs","https://www.protecdirect.co.uk/Personal-Protective-Equipment-PPE-/Hearing-Protection/Helmet-Mounted-Ear-Muffs~c~ADD"
"Hiker Boots","www.protecdirect.co.uk/c/AGL"
"Hi-Vis Boilersuits","www.protecdirect.co.uk/c/BAE"
"Hi-Vis Clothing","https://www.protecdirect.co.uk/Clothing-and-Workwear/Hi-Vis-Clothing~c~BA"
"Hi-Vis Jackets","www.protecdirect.co.uk/c/BAB"
"Hi-Vis Leisurewear","www.protecdirect.co.uk/c/BAD"
"Hi-Vis Trousers","www.protecdirect.co.uk/c/BAC"
"Hi-Vis Waistcoats","www.protecdirect.co.uk/c/BAA"
"Industrial Hoses & Accessories","www.protecdirect.co.uk/c/DCE"
"Industrial Skin Care","https://www.protecdirect.co.uk/Industrial-Skin-Care-and-Janitorial/Industrial-Skin-Care~c~CA"
"Industrial Skin Care & Janitorial","https://www.protecdirect.co.uk/Industrial-Skin-Care-and-Janitorial~c~C"
"Janitorial & Cleaning Supplies","https://www.protecdirect.co.uk/Industrial-Skin-Care-and-Janitorial/Janitorial-and-Cleaning-Supplies~c~CB"
"JCB Safety Footwear","www.protecdirect.co.uk/c/AGE"
"Knee Pads","www.protecdirect.co.uk/c/BBF"
"Knives & Cutting Blades","www.protecdirect.co.uk/c/DDB"
"Labels","www.protecdirect.co.uk/c/EQ"
"Ladders & Platforms","https://www.protecdirect.co.uk/Site-Equipment-and-Consumables/Ladders-and-Platforms~c~DE"
"Ladies Safety Footwear","www.protecdirect.co.uk/c/AGP"
"Leather Gloves","www.protecdirect.co.uk/c/AFI"
"Mandatory Signs","www.protecdirect.co.uk/c/EF"
"Measuring Equipment","www.protecdirect.co.uk/c/DDD"
"Medical Equipment","www.protecdirect.co.uk/c/AHG"
"Moldex Respiratory Filters","www.protecdirect.co.uk/c/AEI"
"Mops & Accessories","www.protecdirect.co.uk/c/CBK"
"Multi-Surface & Floor Cleaning","www.protecdirect.co.uk/c/CBAA"
"Nitrile / Latex Unsupported Gloves","www.protecdirect.co.uk/c/AFJ"
"Nitrile Coated Gloves","www.protecdirect.co.uk/c/AFK"
"North Respiratory Filters","www.protecdirect.co.uk/c/AEK"
"Outdooor Cleaning Products","www.protecdirect.co.uk/c/CBM"
"Outdoor/Thermal Clothing","https://www.protecdirect.co.uk/Clothing-and-Workwear/Outdoor-Thermal-Clothing~c~BBI"
"Overspecs","https://www.protecdirect.co.uk/Personal-Protective-Equipment-PPE-/Safety-Glasses-and-Goggles/Overspecs~c~ABB"
"Paper Dispensers","www.protecdirect.co.uk/c/CBO"
"Personal Protective Equipment (PPE)","https://www.protecdirect.co.uk/Personal-Protective-Equipment-PPE-~c~A"
"Pipeline ID Signs","www.protecdirect.co.uk/c/EB"
"Plaster Kits","www.protecdirect.co.uk/c/AHC"
"Polish & VDU Wipes","www.protecdirect.co.uk/c/CBP"
"Polo Shirts / T-Shirts","https://www.protecdirect.co.uk/Clothing-and-Workwear/Polo-Shirts-T-Shirts~c~BH"
"Polythene Sheeting","www.protecdirect.co.uk/c/DCF"
"Posters","www.protecdirect.co.uk/c/ES"
"Posts Signs","www.protecdirect.co.uk/c/EC"
"Pre-Printed Hi-Vis Waistcoats","www.protecdirect.co.uk/c/BAJ"
"Prohibition Signs","www.protecdirect.co.uk/c/EH"
"Protective Safety Glasses - Clear","https://www.protecdirect.co.uk/Personal-Protective-Equipment-PPE-/Safety-Glasses-and-Goggles/Protective-Safety-Glasses-Clear~c~ABC"
"Protective Safety Glasses - Tinted","https://www.protecdirect.co.uk/Personal-Protective-Equipment-PPE-/Safety-Glasses-and-Goggles/Protective-Safety-Glasses-Tinted~c~ABD"
"Protective Sleeves","www.protecdirect.co.uk/c/AFO"
"Protective Workwear","https://www.protecdirect.co.uk/Clothing-and-Workwear/Protective-Workwear~c~BB"
"PU Coated Gloves","www.protecdirect.co.uk/c/AFL"
"Radio & Equipment","www.protecdirect.co.uk/c/DBK"
"Rags & Cloths","www.protecdirect.co.uk/c/CBQ"
"Railway Industry Boilersuits","www.protecdirect.co.uk/c/BAI"
"Railway Industry Jackets","www.protecdirect.co.uk/c/BAH"
"Railway Industry Trousers","www.protecdirect.co.uk/c/BAG"
"Railway Industry Waistcoats","www.protecdirect.co.uk/c/BAF"
"Ramps","www.protecdirect.co.uk/c/DAM"
"Refuse Bins","www.protecdirect.co.uk/c/CBR"
"Refuse Sacks","www.protecdirect.co.uk/c/CBS"
"Respiratory Accessories","www.protecdirect.co.uk/c/AEP"
"Respiratory Helmets & Hoods","www.protecdirect.co.uk/c/AEG"
"Respiratory Protective Equipment","https://www.protecdirect.co.uk/Personal-Protective-Equipment-PPE-/Respiratory-Protective-Equipment~c~AE"
"Rigger Boots","www.protecdirect.co.uk/c/AGG"
"Rigger Gloves","www.protecdirect.co.uk/c/AFM"
"Road Barriers & Accessories","www.protecdirect.co.uk/c/DAH"
"Road Lamps","www.protecdirect.co.uk/c/DAJ"
"Road Signs","www.protecdirect.co.uk/c/EL"
"Roadworks & Equipment","https://www.protecdirect.co.uk/Site-Equipment-and-Consumables/Roadworks-and-Equipment~c~DA"
"Safety Footwear","https://www.protecdirect.co.uk/Personal-Protective-Equipment-PPE-/Safety-Footwear~c~AG"
"Safety Glasses and Goggles","https://www.protecdirect.co.uk/Personal-Protective-Equipment-PPE-/Safety-Glasses-and-Goggles~c~AB"
"Safety Goggles","https://www.protecdirect.co.uk/Personal-Protective-Equipment-PPE-/Safety-Glasses-and-Goggles/Safety-Goggles~c~ABE"
"Safety Helmets & Hard Hats","https://www.protecdirect.co.uk/Personal-Protective-Equipment-PPE-/Head-Protection/Safety-Helmets-and-Hard-Hats~c~AAA"
"Safety Sign Kits","www.protecdirect.co.uk/c/ET"
"Safety Signs","https://www.protecdirect.co.uk/Safety-Signs~c~E"
"Safety Trainers","www.protecdirect.co.uk/c/AGK"
"Scaffold, Netting & Sheeting","www.protecdirect.co.uk/c/DCC"
"Schools, Hotels, Offices & Shop Signs","www.protecdirect.co.uk/c/EN"
"Scott Respiratory Filters","www.protecdirect.co.uk/c/AEJ"
"Sealants & Adhesives","www.protecdirect.co.uk/c/DDC"
"Single / Double Dip PVC Gloves","www.protecdirect.co.uk/c/AFN"
"Site Bags/Hessian","www.protecdirect.co.uk/c/DCG"
"Site Equipment & Consumables","https://www.protecdirect.co.uk/Site-Equipment-and-Consumables~c~D"
"Site Equipment & Tools","https://www.protecdirect.co.uk/Site-Equipment-and-Consumables/Site-Equipment-and-Tools~c~DD"
"Site Essentials","https://www.protecdirect.co.uk/Site-Equipment-and-Consumables/Site-Essentials~c~DB"
"Site Lighting Equipment","https://www.protecdirect.co.uk/Site-Equipment-and-Consumables/Site-Lighting-Equipment~c~DAG"
"Site Materials & Supplies","https://www.protecdirect.co.uk/Site-Equipment-and-Consumables/Site-Materials-and-Supplies~c~DC"
"Skin Care Wipes","www.protecdirect.co.uk/c/CAI"
"Skin Sanitiser","www.protecdirect.co.uk/c/CAL"
"Smoking Bins","www.protecdirect.co.uk/c/CBT"
"Snow Chains","www.protecdirect.co.uk/c/AGS"
"Socks","www.protecdirect.co.uk/c/AGT"
"Specialist Foundry Footwear","www.protecdirect.co.uk/c/AGQ"
"Specialist Gloves","www.protecdirect.co.uk/c/AFP"
"Spill Control","www.protecdirect.co.uk/c/CBU"
"Storage Solutions","https://www.protecdirect.co.uk/Storage-Solutions~c~F"
"Sweatshirts / Hooded Sweatshirts","https://www.protecdirect.co.uk/Clothing-and-Workwear/Polo-Shirts-T-Shirts~c~BH"
"Tabards","www.protecdirect.co.uk/c/BBE"
"Tapes & Fixings","www.protecdirect.co.uk/c/DDA"
"Tarpaulin, String & Straps","www.protecdirect.co.uk/c/DCB"
"Technology","https://www.protecdirect.co.uk/Site-Equipment-and-Consumables/Technology~c~DG"
"Temporary Site Protection","https://www.protecdirect.co.uk/Site-Equipment-and-Consumables/Temporary-Site-Protection~c~DF"
"Thermal Gloves","www.protecdirect.co.uk/c/AFQ"
"Thermal Grip Gloves","www.protecdirect.co.uk/c/AFR"
"Timberland Safety Boots","www.protecdirect.co.uk/c/AGA"
"Toilet Tissue","www.protecdirect.co.uk/c/CBV"
"Torches","www.protecdirect.co.uk/c/DBJ"
"Tornado Powered Respirator","www.protecdirect.co.uk/c/AEN"
"Trade Specific Gloves","www.protecdirect.co.uk/c/AFS"
"Travel Kits","www.protecdirect.co.uk/c/AHD"
"Trousers","https://www.protecdirect.co.uk/Clothing-and-Workwear/Trousers~c~BJ"
"Vacuum Cleaners & Carpet Washers","www.protecdirect.co.uk/c/CBAC"
"Value Paper & Dispensers","www.protecdirect.co.uk/c/CBW"
"Visor Holders / Face Shield Carriers","https://www.protecdirect.co.uk/Personal-Protective-Equipment-PPE-/Face-Protection/Visor-Holders-Face-Shield-Carriers~c~ACB"
"Visors","https://www.protecdirect.co.uk/Personal-Protective-Equipment-PPE-/Face-Protection/Visors~c~ACC"
"Warehouse Coats","www.protecdirect.co.uk/c/BBD"
"Warning & Security Signs","www.protecdirect.co.uk/c/EG"
"Washing Products","www.protecdirect.co.uk/c/CBX"
"Washroom Products","www.protecdirect.co.uk/c/CBY"
"Washroom Skin Hygiene","www.protecdirect.co.uk/c/CAJ"
"Waterproof / PVC Clothing","https://www.protecdirect.co.uk/Clothing-and-Workwear/Waterproof-PVC-Clothing~c~BD"
"Waterproof Jackets","www.protecdirect.co.uk/c/BDC"
"Waterproof Trousers","www.protecdirect.co.uk/c/BDD"
"Waterproof Wet Suits","www.protecdirect.co.uk/c/BDA"
"Welding Respirators","https://www.protecdirect.co.uk/Personal-Protective-Equipment-PPE-/Respiratory-Protective-Equipment/Welding-Respirators~c~AEE"
"Wellington Boots","www.protecdirect.co.uk/c/AGR"
"Window Cleaning Equipment","www.protecdirect.co.uk/c/CBZ"
"Wipers","www.protecdirect.co.uk/c/CBN"
"Work Boots","www.protecdirect.co.uk/c/AGH"
"Work Shoes","www.protecdirect.co.uk/c/AGI"
"Workplace Triple Active Gel","www.protecdirect.co.uk/c/CAF"
"Workshop Skin Care","www.protecdirect.co.uk/c/CAK"
